{"active_power": {"max": 109.5717437322612, "min": -267.73813872797024}, "sun_altitude": {"max": 65.22153823688275, "min": -64.83623794663957}, "sun_azimuth": {"max": 359.9517426972268, "min": 0.0327264633849608}, "irradiance_real": {"max": 1030.3333333333333, "min": 0.0}, "irradiance_fc": {"max": 1053.72, "min": 0.0}}